Page ascore,Source title,Source url,Target url,Anchor,External links,Internal links,Nofollow,Sponsored,Ugc,Text,Frame,Form,Image,Sitewide,First seen,Last seen,New link,Lost link
47,Line Art Design & Line Drawing Online – AI Generator & Free Resources - lineart.app,https://lineart.app/,https://braintest.games/,Brain Test Level,12,31,false,false,false,true,false,false,false,false,2025-09-18,2026-05-18,false,false
42,Chiikawa Wallpaper Free Download - Chiikawa Wallpaper,https://chiikawawallpaper.com/,https://braintest.games/,Brain Test Game Answers,6,24,false,false,false,true,false,false,false,false,2025-10-03,2026-05-14,false,false
32,Create Your Perfect Low Fade or Taper Fade Hairstyle Online - Low Fade AI,https://lowfade.app/,https://braintest.games/,Brain Test Answers,7,13,false,false,false,true,false,false,false,false,2025-10-31,2026-05-14,false,false
23,demi+moore+facelift - søgeresultater fra Yahoo,https://dk.search.yahoo.com/mobile/s?b=106&ei=UTF-8&pz=7&q=demi%2Bmoore%2Bfacelift,https://braintest.games/level/229,braintest.games › level › 229 Brain Test Level 229 Answer & Solution - Brain Test Game,10,22,false,false,false,true,false,false,false,false,2026-03-18,2026-03-18,false,false
23,Yahoo - colabfold - Αποτελέσματα Αναζήτησης,https://gr.search.yahoo.com/mobile/s?age=1w&btf=w&ei=UTF-8&fr2=time&p=colabfold,https://braintest.games/level/440,braintest.games › level › 440 Brain Test Level 440 Answer & Solution - Brain Test Game,10,39,false,false,false,true,false,false,false,false,2026-03-18,2026-03-18,false,false
23,參薯 - 雅虎香港 搜尋結果,https://hk.search.yahoo.com/mobile/s?ei=UTF-8&norw=1&p=%E5%8F%83%E8%96%AF,https://braintest.games/levels,braintest.games › levels All Brain Test 1 - Tricky Puzzles Levels Answers & ...,15,94,false,false,false,true,false,false,false,false,2026-04-29,2026-04-29,true,false
23,Jonathan+Jackson - Результаты поиска Yahoo,https://ru.search.yahoo.com/mobile/s?b=8&ei=UTF-8&pz=7&q=Jonathan%2BJackson&xargs=0,https://braintest.games/level/316,braintest.games › level › 316 Brain Test Level 316 Answer & Solution - Brain Test Game,10,22,false,false,false,true,false,false,false,false,2026-03-19,2026-03-19,false,false
16,Chiikawa Wallpaper & PNG & GIF - Chiikawa Wallpaper,https://chiikawa-wallpaper.com/,https://braintest.games/,Brain Test Game,5,15,false,false,false,true,false,false,false,false,2025-11-06,2026-04-28,false,false
12,braintest.games - Brain Test Game All Level Answers & Solutions,https://startupfa.me/s/brain-test-game,https://braintest.games/,Visit braintest.games,6,26,false,false,false,true,false,false,false,false,2026-01-11,2026-02-13,false,false
12,braintest.games - Brain Test Game All Level Answers & Solutions,https://startupfa.me/s/brain-test-game,https://braintest.games/,braintest.games,6,26,false,false,false,true,false,false,false,false,2026-01-11,2026-02-13,false,false
11,"Hole People Walkthrough, Hard Levels Solutions & All Answers Guide - Hole People",https://holepeople.me/,https://braintest.games/,Brain Test,3,21,false,false,false,true,false,false,false,false,2026-01-13,2026-04-29,false,false
4,Drop The Cat - Complete Walkthrough & Solutions for All Levels,https://dropthecat.app/,https://braintest.games/,Brain Test Games,4,40,false,false,false,true,false,false,false,false,2025-12-07,2026-05-17,false,false
4,The best startups for Game Guides in 2026,https://startupfa.me/tags/game-guides,https://braintest.games/,braintest.games logo braintest.games,5,11,false,false,false,false,false,false,true,false,2026-01-15,2026-02-18,false,false
4,The best startups for Hints in 2026,https://startupfa.me/tags/hints,https://braintest.games/,braintest.games logo braintest.games,5,11,false,false,false,false,false,false,true,false,2025-10-15,2026-01-21,false,false
4,The best startups for Levels in 2026,https://startupfa.me/tags/levels,https://braintest.games/,braintest.games logo braintest.games,8,14,false,false,false,false,false,false,true,false,2025-10-14,2026-02-17,false,false
4,The best startups for Puzzle in 2026,https://startupfa.me/tags/puzzle,https://braintest.games/,braintest.games logo braintest.games,10,16,false,false,false,false,false,false,true,false,2025-10-12,2026-03-01,false,false
4,The best startups for Solutions in 2026,https://startupfa.me/tags/solutions,https://braintest.games/,braintest.games logo braintest.games,5,11,false,false,false,false,false,false,true,false,2025-10-10,2026-02-07,false,false
4,The best startups for Walkthroughs in 2026,https://startupfa.me/tags/walkthroughs,https://braintest.games/,braintest.games logo braintest.games,8,14,false,false,false,false,false,false,true,false,2025-10-14,2026-03-13,false,false
4,pengshen9987,https://startupfa.me/youtubtowav147,https://braintest.games/,braintest.games logo braintest.games,1,3,false,false,false,false,false,false,true,false,2025-10-27,2026-02-07,false,false
3,The best startups in United States,https://startupfa.me/locations/united-states,https://braintest.games/,braintest.games logo braintest.games,404,412,false,false,false,false,false,false,true,false,2025-10-11,2026-04-14,false,false
2,Create Your Perfect Low Fade or Taper Fade Hairstyle Online - Low Fade AI,https://lowfade.app/?ref=producthunt,https://braintest.games/,Brain Test Answers,7,13,false,false,false,true,false,false,false,false,2025-11-03,2026-04-30,false,false
1,Create Your Perfect Low Fade or Taper Fade Hairstyle Online - Low Fade AI,https://lowfade.app/?ref=navs.site,https://braintest.games/,Brain Test Answers,7,13,false,false,false,true,false,false,false,false,2025-10-31,2026-05-03,false,false
0,Brain Test Game Answers & Solutions - Brain Test Game,http://proxy.nowhereincoming.net/index.php?q=aHR0cHM6Ly9icmFpbnRlc3QuZ2FtZXMv,https://braintest.games/,Address,1,45,false,false,false,true,false,false,false,false,2025-12-24,2025-12-24,false,false
0,High-quality backlink service 2025/09/11/169 | 8coint.com,https://8coint.com/list.php?part=2025%2F09%2F11%2F169,https://braintest.games/,braintest.games,2967,115,true,false,false,false,false,false,true,false,2025-09-19,2025-12-10,false,false
0,✅ Website Stats 📊,https://analyticshaven.top/stats/4505162,https://braintest.games/,braintest.games,100,11,true,false,false,true,false,false,false,false,2025-11-14,2025-11-14,false,false
0,✅ Website Stats 📊,https://analyticshaven.top/stats/46271,https://braintest.games/,braintest.games,3500,21,true,false,false,true,false,false,false,false,2026-03-14,2026-03-14,false,false
0,👲 Domain Report 👲,https://atomizelink.icu/report/46272,https://braintest.games/,braintest.games,3500,21,true,false,false,true,false,false,false,false,2025-12-18,2025-12-18,false,false
0,❤️ URL Shared ❤️,https://backlinks-checker.com/share/46272,https://braintest.games/,braintest.games,3500,21,true,false,false,true,false,false,false,false,2025-12-06,2026-05-05,false,false
0,✅ Website Stats 📊,https://blogsphere.top/stats/46272,https://braintest.games/,braintest.games,3500,21,true,false,false,true,false,false,false,false,2026-01-05,2026-01-05,false,false
0,👲 Domain Report 👲,https://bye.fyi/report/46271,https://braintest.games/,braintest.games,3500,21,true,false,false,true,false,false,false,false,2026-05-16,2026-05-16,true,false
0,👲 Domain Report 👲,https://bye.fyi/report/46272,https://braintest.games/,braintest.games,3500,21,true,false,false,true,false,false,false,false,2026-01-02,2026-01-02,false,false
0,👲 Domain Report 👲,https://byteshort.xyz/report/46271,https://braintest.games/,braintest.games,3500,21,true,false,false,true,false,false,false,false,2026-04-27,2026-04-27,true,false
0,✅ Website Stats 📊,https://creativeposts.top/stats/46272,https://braintest.games/,braintest.games,3500,21,true,false,false,true,false,false,false,false,2026-03-07,2026-03-07,false,false
0,✅ Website Stats 📊,https://dailymusings.top/stats/46272,https://braintest.games/,braintest.games,3500,21,true,false,false,true,false,false,false,false,2026-03-08,2026-03-08,false,false
0,Domain Collection WAF5O7S - Item Page 77 - Domaindexer.com,https://domaindexer.com/WAF5O7S/77/,https://braintest.games/,braintest.games,70,14,true,false,false,true,false,false,false,false,2025-09-18,2026-03-26,false,false
0,👲 Domain Report 👲,https://drjack.world/report/46271,https://braintest.games/,braintest.games,3500,21,true,false,false,true,false,false,false,false,2026-04-30,2026-04-30,true,false
0,"Thanks to Fiverr Editorial Links, I Saw a Traffic Increase of 200% 💰 ★★★★☆",https://fiverr-seo-for-small-businesses.site/thanks-to-fiverr-editorial-links-i-saw-a-traffice-increase-of-200percent/,https://braintest.games/,braintest.games's domain authority jumped from DR15 to DR42 with Fiverr's support 💎,5001,69,true,false,false,true,false,false,false,false,2026-05-02,2026-05-11,true,false
0,Create Your Perfect Low Fade or Taper Fade Hairstyle Online - Low Fade AI,https://lowfade.app/?ref=aiproductlist.org,https://braintest.games/,Brain Test Answers,7,13,false,false,false,true,false,false,false,false,2025-11-09,2026-05-06,false,false
0,✅ Website Stats 📊,https://metamagic.top/stats/46271,https://braintest.games/,braintest.games,3500,21,true,false,false,true,false,false,false,false,2026-05-18,2026-05-18,true,false
0,✅ Website Stats 📊,https://metamagic.top/stats/46272,https://braintest.games/,braintest.games,3500,21,true,false,false,true,false,false,false,false,2026-03-09,2026-03-09,false,false
0,Brain Test Game - NavFolders,https://navfolders.com/item/brain-test-game,https://braintest.games/,Visit Website,18,25,false,false,false,true,false,false,false,false,2025-09-21,2026-05-13,false,false
0,Brain Test Game - NavFolders,https://navfolders.com/item/brain-test-game,https://braintest.games/,braintest.games,18,25,false,false,false,true,false,false,false,false,2025-09-21,2026-05-13,false,false
0,Brain Test Game - NavFolders,https://navfolders.com/item/brain-test-game,https://braintest.games/,image of Brain Test Game Visit Website,18,25,false,false,false,false,false,false,true,false,2025-09-21,2026-05-13,false,false
0,Best Tool for Pinterest SiteToSocial Fully Automated AI Generated Pins Grow Your Website Traffic,https://newsblogsports.site/all/85/18,https://braintest.games/,Best Pinterest Tool SiteToSocial.com to Grow Your Website Traffic Fully Automated,3004,24,false,false,false,true,false,false,false,false,2026-04-21,2026-05-08,true,false
0,✅ Website Stats 📊,https://optimizeflow.top/stats/46272,https://braintest.games/,braintest.games,3500,21,true,false,false,true,false,false,false,false,2025-11-30,2025-11-30,false,false
0,👲 Domain Report 👲,https://quero.party/report/46272,https://braintest.games/,braintest.games,3500,21,true,false,false,true,false,false,false,false,2026-01-25,2026-01-25,false,false
0,Google Ranking Booster: Manual Work: Ahrefs DR + MOZ DA+Pbn Backlinks Visit SeoBoost.agency – rankongoogle.agency,https://rankongoogle.agency/re8vzi-google-ranking-lift-traffic-with-contextual-seo-backlinks/,https://braintest.games/,braintest.games whitehat traffic Google ranking upto +600% all languages | Seoboost.agency World no 1 Seo Agency,8001,17,true,false,false,true,false,false,false,false,2025-10-25,2025-11-03,false,false
0,"Expert SEO Backlinks and Authority Guest Posting Services for Gambling,igaming,Casino,Crypto,vapes and Other Highly Competitive Markets – Improve Google Rankings, Build Powerful Backlinks and Increase Organic Traffic with High DR and DA Websites – Experts SEO Backlinks and Authority Guest Posting Services for Gambling,igaming,Casino,Crypto,vapes and Other Highly Competitive Markets – Improve Google Rankings, Build Powerful Backlinks and Increase Organic Traffic with High DR and DA Websites",https://seogeko.shop/premium-seo-backlinks-to-boost-website-google-rankings-2844-2/,https://braintest.games/,"Premium SEO Backlinks braintest.games Provides High-Quality Authority Backlinks, Professional Guest Posting, and Advanced Link Building Services to Boost Google Rankings, Drive Targeted Organic Traffic, and Strengthen Website Authority in Gambling, Casino, Crypto, and Competitive Markets",3501,7,true,false,false,true,false,false,false,false,2026-03-20,2026-03-20,false,false
0,"Expert SEO Backlinks and Authority Guest Posting Services for Gambling,igaming,Casino,Crypto,vapes and Other Highly Competitive Markets – Improve Google Rankings, Build Powerful Backlinks and Increase Organic Traffic with High DR and DA Websites – Experts SEO Backlinks and Authority Guest Posting Services for Gambling,igaming,Casino,Crypto,vapes and Other Highly Competitive Markets – Improve Google Rankings, Build Powerful Backlinks and Increase Organic Traffic with High DR and DA Websites",https://seogeko.shop/premium-seo-backlinks-to-boost-website-google-rankings-2844/,https://braintest.games/,"Premium SEO Backlinks braintest.games Provides High-Quality Authority Backlinks, Professional Guest Posting, and Advanced Link Building Services to Boost Google Rankings, Drive Targeted Organic Traffic, and Strengthen Website Authority in Gambling, Casino, Crypto, and Competitive Markets",3501,7,true,false,false,true,false,false,false,false,2026-03-21,2026-03-21,false,false
0,❤️ URL Shared ❤️,https://sites.jake.eu/share/46272,https://braintest.games/,braintest.games,3500,21,true,false,false,true,false,false,false,false,2026-01-25,2026-05-10,false,false
0,Blog – Page 19 – Systeck,https://systeckllc.com/blog/page/19/,https://braintest.games/level/27,🍪 TELEGRAM @SALESOVEN | ACCESS TO HACKED SITES FOR SEO | HTTPS://T.ME/SALESOVEN 🔥,28185,44,true,false,false,true,false,false,false,false,2026-05-19,2026-05-19,true,false
0,Tactic Links,https://tacticlinks.com/en/load/braintest.games/,https://braintest.games/,Screenshot of braintest.games,2,15,false,false,false,false,false,false,true,false,2026-03-17,2026-05-04,false,false
0,Tactic Links,https://tacticlinks.com/en/load/braintest.games/,https://braintest.games/,braintest.games,2,15,false,false,false,true,false,false,false,false,2026-03-07,2026-05-04,false,false
0,🍪 TELEGRAM @SALESOVEN | ACCESS TO HACKED SITES FOR SEO | HTTPS://T.ME/SALESOVEN 🔥 – Tamashi,https://tamashi.com/telegram-salesoven-access-to-hacked-sites-for-seo-17-5/,https://braintest.games/level/27,🍪 TELEGRAM @SALESOVEN | ACCESS TO HACKED SITES FOR SEO | HTTPS://T.ME/SALESOVEN 🔥,3001,36,true,false,false,true,false,false,false,false,2026-05-19,2026-05-19,true,false
0,High-quality backlink service 2025/09/11/169 | toplikevideo.com,https://toplikevideo.com/list.php?part=2025%2F09%2F11%2F169,https://braintest.games/,braintest.games,2967,115,true,false,false,false,false,false,true,false,2025-09-17,2025-12-09,false,false
0,Keywords – Driving license education,https://traffic-rules.com/en/australia/study/nature-landscapes-1,https://braintest.games/,https://braintest.games/,151,175,false,false,false,true,false,false,false,false,2026-02-02,2026-02-02,false,false
0,Keywords – Driving license education,https://traffic-rules.com/en/austria/study/language-sign-language,https://braintest.games/,https://braintest.games/,11,158,false,false,false,true,false,false,false,false,2026-02-06,2026-02-06,false,false
0,Keywords – Driving license education,https://traffic-rules.com/en/india/study/emojis-activities,https://braintest.games/,https://braintest.games/,89,171,false,false,false,true,false,false,false,false,2026-02-02,2026-02-02,false,false
0,Keywords – Driving license education,https://traffic-rules.com/en/italy/study/athletes-hockey,https://braintest.games/,https://braintest.games/,155,159,false,false,false,true,false,false,false,false,2025-12-13,2025-12-13,false,false
0,Keywords – Driving license education,https://traffic-rules.com/en/portugal/study/country-capitals-1,https://braintest.games/,https://braintest.games/,150,165,false,false,false,true,false,false,false,false,2026-02-07,2026-02-07,false,false
0,Keywords – Driving license education,https://traffic-rules.com/en/slovenia/study/music-covers,https://braintest.games/,https://braintest.games/,53,161,false,false,false,true,false,false,false,false,2026-02-07,2026-02-07,false,false
0,Keywords – Driving license education,https://traffic-rules.com/en/sweden/study/emojis-food-drink,https://braintest.games/,https://braintest.games/,90,171,false,false,false,true,false,false,false,false,2026-02-02,2026-02-02,false,false
0,Keywords – Driving license education,https://traffic-rules.com/en/turkey/study/people-artists-3,https://braintest.games/,https://braintest.games/,112,170,false,false,false,true,false,false,false,false,2026-02-06,2026-02-06,false,false
0,"Brain Test Game Answers - Others & Platforms | Beginner, Free, Web - Turbo0",https://turbo0.com/item/brain-test-game-answers,https://braintest.games/,Visit Website,9,32,false,false,false,true,false,false,false,false,2025-11-21,2026-04-28,false,false
0,"Brain Test Game Answers - Others & Platforms | Beginner, Free, Web - Turbo0",https://turbo0.com/item/brain-test-game-answers,https://braintest.games/,braintest.games,9,32,false,false,false,true,false,false,false,false,2025-11-21,2026-04-28,false,false
0,"Brain Test Game Answers - Others & Platforms | Beginner, Free, Web - Turbo0",https://turbo0.com/item/brain-test-game-answers,https://braintest.games/,image of Brain Test Game Answers Visit Website,9,32,false,false,false,false,false,false,true,false,2025-11-21,2026-04-28,false,false
0,❤️ URL Shared ❤️,https://websites.freemyip.com/share/46271,https://braintest.games/,braintest.games,3500,21,true,false,false,true,false,false,false,false,2026-02-05,2026-05-13,false,false
0,Directory Link Service,https://www.directorylinkservice.com/domains/44830/27e57c940b6189e7d1babcf9dfce0256/,https://braintest.games/,braintest.games,1006,13,true,false,false,true,false,false,false,false,2026-03-10,2026-05-18,false,false
0,turbo0.com | Turbo0 - Popular Content Creation Products Directory,https://www.example3.com/domain/turbo0.com,https://braintest.games/,,909,920,true,false,false,true,false,false,false,false,2026-03-02,2026-03-02,false,false
