Page ascore,Source title,Source url,Target url,Anchor,External links,Internal links,Nofollow,Sponsored,Ugc,Text,Frame,Form,Image,Sitewide,First seen,Last seen,New link,Lost link,顶级域名,评论表单检测,特殊标注,最新评论时间
22,What Is the Legal Limit for Window Tint in Ohio?,https://www.keatingfirmlaw.com/post/legal-limit-for-window-tint,https://bratgen.io/,,9,32,False,False,False,True,False,False,False,False,2026-02-17,2026-02-17,False,False,keatingfirmlaw.com,无评论功能,,
19,Sézane Pieces For Early Summer | The New England Guide,https://theneguide.com/sezane-clothing-pieces-for-summer/,https://bratgen.io/,https://bratgen.io/,92,235,True,False,True,True,False,False,False,False,2026-01-31,2026-06-28,False,False,theneguide.com,博客网站 · 需注册,需登录,2026-06-23 04:48
14,Glutenfreie Orangen-Mandel-Tarte - Puppenzimmer.com,https://puppenzimmer.com/2020/05/glutenfreie-orangen-mandel-tarte.html,https://bratgen.io/,paki,150,281,True,False,True,True,False,False,False,False,2026-05-31,2026-06-25,True,False,puppenzimmer.com,博客网站,,2026-06-30 02:39
14,How To Perfect The Front Squat – Squat University,https://squatuniversity.com/2016/04/07/how-to-perfect-the-front-squat/,https://bratgen.io/,Bratgen,58,104,True,False,True,True,False,False,False,False,2026-02-27,2026-04-05,False,True,squatuniversity.com,评论网站,,
13,A guide to the schedule of temporary bonuses and Rebels' Towers | Throne Forum,https://forum.plarium.com/es/throne-kingdom-at-war/667_game-database/1702215_a-guide-to-the-schedule-of-temporary-bonuses-and-rebels--towers/5/,https://bratgen.io/,Brat Generator,26,76,True,False,True,True,False,False,False,False,2026-02-18,2026-05-11,False,False,plarium.com,评论网站,,
13,December | 2015 | When We Praise: Performing Gospel at Williams | Page 2,https://sites.williams.edu/srd4/2015/12/page/2/,https://bratgen.io/,Brat Generator,3,37,True,False,True,True,False,False,False,False,2026-02-02,2026-03-06,False,True,williams.edu,访问失败,,
12,Marca digital en la era de la IA - iNNoVaNDiS & Co.,https://blogs.deusto.es/innovandis/marca-digital-en-la-era-de-la-ia/,https://bratgen.io/,https://bratgen.io/,42,260,True,False,True,True,False,False,False,False,2026-01-29,2026-06-29,False,False,deusto.es,评论网站,,
12,Olivia's House with Olivia Attwood | Listen Free on Castbox.,https://castbox.fm/channel/Olivia's-House-with-Olivia-Attwood-id6850123,https://bratgen.io/Really,https://bratgen.io/Really,16,68,True,False,False,True,False,False,False,False,2026-02-10,2026-03-12,False,False,castbox.fm,评论网站,,
12,8 Incredible Sedona Hikes To Add To Your Bucket List - Renee Roaming,https://www.reneeroaming.com/incredible-sedona-hikes/,https://bratgen.io/,Bratgen,271,607,True,False,True,True,False,False,False,False,2026-02-01,2026-06-28,False,False,reneeroaming.com,博客网站,,2026-06-28 23:34
11,Why Instant Visual Generators Are the New Toolkit for Social Media Creators in 2026 - TechBullion,https://techbullion.com/why-instant-visual-generators-are-the-new-toolkit-for-social-media-creators-in-2026/,https://bratgen.io/,BratGen,10,90,False,False,False,True,False,False,False,False,2026-04-26,2026-06-17,False,False,techbullion.com,评论网站,,
10,ELL Methods | The English Language Learner Guide,https://blogs.ubc.ca/ellgotoguide/ell-methods/,https://bratgen.io/,brat,72,119,True,False,True,True,False,False,False,False,2026-02-28,2026-06-19,False,False,ubc.ca,博客网站,,2026-06-27 00:09
10,How Developers Are Using Text Generators to Improve UX & Content Workflows (2026) - Programming Insider How Developers Are Using Text Generators to Improve UX & Content Workflows (2026),https://programminginsider.com/developers-text-generators-ux-content-workflows/,https://bratgen.io/brat-font-generator/,https://bratgen.io/brat-font-generator/,4,30,False,False,False,True,False,False,False,False,2026-05-08,2026-06-21,False,False,programminginsider.com,无评论功能,,
10,How Browser-Based Creative Tools Are Changing Digital Content Creation In 2025 | Blog | SIIT,https://siit.co/blog/how-browser-based-creative-tools-are-changing-digital-content-creation/52723,https://bratgen.io/brat-meme-generator/,Brat Meme Generator,11,158,False,False,False,True,False,False,False,False,2026-04-14,2026-06-23,False,False,siit.co,无评论功能,,
9,Flexibility in Gymnastics: Why it's important and How to Improve It,https://gymnasticshq.com/flexibility-in-gymnastics/,https://bratgen.io/,,129,238,True,False,False,True,False,False,False,False,2026-01-30,2026-05-31,False,False,gymnasticshq.com,博客网站,,2026-06-18 13:06
9,Best and Worst Time Travel Movies (According to Science) — Part-Time Characters - Jon Negroni,https://jonnegroni.com/2017/08/29/best-worst-time-travel-movies-according-to-science-part-time-characters/,https://bratgen.io/,Bratgen,44,81,True,False,True,True,False,False,False,False,2026-02-27,2026-04-06,False,True,jonnegroni.com,评论网站,,
9,What Happened to the Meaning Behind the Mark?,https://www.brandersmagazine.com/post/what-happened-to-the-meaning-behind-the-mark,https://bratgen.io/,https://bratgen.io/,9,57,False,False,False,True,False,False,False,False,2026-03-20,2026-03-20,False,False,brandersmagazine.com,无评论功能,,
8,Bratgen.io Launches Full-Featured Free Brat Generator for Charli XCX Fans and Content Creators Worldwide - Business,http://ipsnews.net/business/2026/04/18/bratgen-io-launches-full-featured-free-brat-generator-for-charli-xcx-fans-and-content-creators-worldwide/,https://bratgen.io/brat-meme-generator/,Brat Meme Generator,12,83,False,False,False,True,False,False,False,False,2026-04-22,2026-06-12,False,False,ipsnews.net,无评论功能,,
8,"⇪ #c46e9d-alphanumeric/lato-dark/K.png-0,0,0,0.3.png",https://admin.phacility.com/F524530,https://bratgen.io/,https://bratgen.io,34,117,False,False,False,True,False,False,False,False,2026-06-12,2026-06-12,True,False,phacility.com,评论网站,,
8,How To Differentiate and Buy Organic Food; Here is Your Health Guide | Gympik Blog,https://gympik.com/articles/how-to-differentiate-and-buy-organic-food-here-is-your-health-guide/,https://bratgen.io/,Bratgen,202,382,True,False,True,True,False,False,False,False,2026-02-01,2026-03-02,False,True,gympik.com,访问失败,,
8,Why Developers Are Using Custom Image Generators for Social Media in 2026 | Our Code World,https://ourcodeworld.com/articles/read/3040/why-developers-are-using-custom-image-generators-for-social-media-in-2026,https://bratgen.io/,BratGen,6,59,False,False,False,True,False,False,False,False,2026-04-21,2026-06-24,False,False,ourcodeworld.com,评论网站,,
8,Instagram Logo Brownie - Repeat Crafter Me,https://www.repeatcrafterme.com/2014/09/instagram-logo-brownie.html,https://bratgen.io/,Bratgent,215,91,True,False,False,True,False,False,False,False,2026-03-01,2026-06-27,False,False,repeatcrafterme.com,博客网站,,2026-04-02 04:20
8,Spectral Mobilă se extinde,https://www.spectral.ro/Media/spectral-mobila-se-extinde-profit-25-05-2021,https://bratgen.io/,bratgen.io,808,134,False,False,False,True,False,False,False,False,2026-02-02,2026-06-26,False,False,spectral.ro,评论网站,,
7,Bella Reina Spa - West Palm Beach Spa With Upcoming Specials You Can’t Miss! - April Golightly,https://aprilgolightly.com/bella-reina-spa-west-palm-beach-spa-upcoming-specials-cant-miss/,https://bratgen.io/,Bratgen,28,74,True,False,False,True,False,False,False,False,2026-02-28,2026-06-28,False,False,aprilgolightly.com,访问失败,,
7,Direct Response Marketing: Examples of Directive Ads - BMB,https://brandmarketingblog.com/articles/branding-definitions/what-is-direct-response-marketing/,https://bratgen.io/,Bratgen,51,104,True,False,True,True,False,False,False,False,2026-02-16,2026-06-29,False,False,brandmarketingblog.com,博客网站,,2026-06-25 04:16
7,Benefits of Shankhapushpi - Shankhawali - Sankhpushpi - Convolvulus ...,https://indianjadibooti.com/Jadistore/blog-headlines/indianjadibooti-shankhapushpi-shankhawali-sankhpushpi-convolvulus-pluricaulis,https://bratgen.io/,https://bratgen.io,470,203,False,False,False,True,False,False,False,False,2026-01-30,2026-03-02,False,True,indianjadibooti.com,访问失败,,
6,Babelcube Blog: Tips for Writing an Author's Biography,http://blog.babelcube.com/2014/02/tips-for-writing-authors-bio.html,https://www.bratgen.io/,creative,278,247,True,False,False,True,False,False,False,False,2026-05-30,2026-06-06,True,False,babelcube.com,评论网站,,
6,Forum - Easy Guide to Convert JSON Files to Word | Howei Online Event Registration,http://howei.com/forum/discussion/free-stuff/easy-guide-to-convert-json-files-to-word,https://bratgen.io/,brat generator ai,60,42,False,False,False,True,False,False,False,False,2026-04-12,2026-06-28,False,False,howei.com,评论网站,,
6,#Post Title - #Site Title,https://inhonorofdesign.com/2025/09/paint-like-a-pro-simple-tips-tricks-for-every-homeowner/,https://bratgen.io/,Bratgen,67,131,True,False,True,True,False,False,False,False,2026-02-01,2026-06-24,False,False,inhonorofdesign.com,博客网站,,
6,Est-ce que vous faites attention à la mode pour vous habiller ?,https://questions.pratique.fr/question-est-ce-faites-attention-mode-habiller-47129.html,https://bratgen.io/,free brat generator too,232,204,True,False,False,True,False,False,False,False,2026-01-30,2026-06-29,False,False,pratique.fr,游戏站,游戏网站,
6,LinkedIn SSI Score Explained: What It Is & How to Improve It - Ampfluence | #1 Instagram Growth Service,https://www.ampfluence.com/linkedin-ssi-score-explained-what-it-is-how-to-improve-it/,https://bratgen.io/,Bratgen,23,123,True,False,True,True,False,False,False,False,2026-02-24,2026-02-24,False,False,ampfluence.com,博客网站,,2026-06-26 08:53
6,"4 Transportation Themed Activities for Preschoolers | Totschooling - Toddler, Preschool, Kindergarten Educational Printables",https://www.totschooling.net/2017/05/transportation-activities-preschool.html,https://bratgen.io/,Brat Generator,172,83,True,False,False,True,False,False,False,False,2026-03-02,2026-06-28,False,False,totschooling.net,评论网站,,
5,5 Ways to Boost Creativity Using Free Text Generators,https://entrepreneursbreak.com/free-text-generators.html,https://bratgen.io/brat-text,Brat text generator,3,75,False,False,False,True,False,False,False,False,2026-02-12,2026-06-27,False,False,entrepreneursbreak.com,无评论功能,,
5,13 Cutest Air Dry Clay Ideas - Love and Marriage,https://loveandmarriageblog.com/air-dry-clay-ideas/,https://bratgen.io/,Bratgen,65,178,True,False,False,True,False,False,False,False,2026-02-23,2026-06-17,False,False,loveandmarriageblog.com,博客网站,,
5,A little wooden footstool makeover before + after – twelveOeight,https://twelveoeightblog.com/a-little-wooden-footstool-makeover-before-after/,https://www.bratgen.io/%20(,magi,295,496,True,False,True,True,False,False,False,False,2026-06-04,2026-06-04,True,False,twelveoeightblog.com,博客网站,,2026-06-29 17:04
5,Irish Cream 3 - Dinner With Julie,https://www.dinnerwithjulie.com/2012/12/29/homemade-irish-cream/irish-cream-3/,https://bratgen.io/,https://bratgen.io/,195,290,True,False,True,True,False,False,False,False,2026-06-07,2026-06-21,True,False,dinnerwithjulie.com,博客网站,,
5,brat | WebMaster Forum,https://www.ewebdiscussion.com/members/brat.125704/about,https://bratgen.io/,https://bratgen.io/,3,17,True,False,False,True,False,False,False,False,2026-04-01,2026-05-25,False,False,ewebdiscussion.com,无评论功能,,
4,Latest WordPress 5.3 Update Causing Themler Themes to break - BillionAnswers,https://answers.themler.io/questions/193668/latest-wordpress-5-3-update-causing-themler-themes-to-break?order=Newest,https://www.bratgen.io/,https://www.bratgen.io/,22,47,False,False,False,True,False,False,False,False,2026-06-17,2026-06-17,True,False,themler.io,评论网站,,
4,The Perfect Classroom Storage Container - The Brown Bag Teacher,https://brownbagteacher.com/classroom-storage-container/,https://bratgen.io/,Bratgen,142,247,True,False,False,True,False,False,False,False,2026-02-07,2026-06-17,False,False,brownbagteacher.com,评论网站,,
4,Greek Grilled Chicken with Tzatziki,https://fashionablefoods.com/2018/03/06/greek-grilled-chicken-tzatziki/,https://bratgen.io/,https://bratgen.io/,741,1067,True,False,True,True,False,False,False,False,2026-06-01,2026-06-27,True,False,fashionablefoods.com,博客网站 · 需注册,需登录,2026-06-29 09:19
4,Apollo Phantom folding……. - ESG - Electric Scooter Forums,https://forum.electric-scooter.guide/d/1422-apollo-phantom-folding?page=5,https://bratgen.io/,https://bratgen.io/,96,5,True,False,True,True,False,False,False,False,2026-03-16,2026-06-20,False,False,electric-scooter.guide,访问超时,,
4,Presentation Designers UK Lead in Content Innovation,https://www.cemkrete.com/en/forum/topic/821/presentation-designers-uk-lead-in-content-innovation,https://bratgen.io/,Brat Generato,12,75,False,False,False,True,False,False,False,False,2026-03-01,2026-03-26,False,True,cemkrete.com,访问失败,,
3,JUST IN : President Buhari cancels Zamfara visit,https://solacebase.com/just-in-president-buhari-cancels-zamfara-visit/,https://www.bratgen.io/%20(,aysesh,288,46,True,False,True,True,False,False,False,False,2026-06-03,2026-06-28,True,False,solacebase.com,博客网站,,2026-06-24 12:06
3,"Corn, Beans, Pigs and Kids: Iowa Ice Cream Road Trip at Dan & Debbie's Creamery in Ely, Iowa",https://www.cornbeanspigskids.com/2020/06/iowa-ice-cream-road-trip-at-dan-debbies.html,https://bratgen.io/,jok,300,327,True,False,False,True,False,False,False,False,2026-06-04,2026-06-23,True,False,cornbeanspigskids.com,评论网站,,
3,How Buying Spotify Listeners Can Help You Grow Your Music Naturally,https://www.pathumratjotun.com/en/forum/topic/97108/how-buying-spotify-listeners-can-help-you-grow-your-music-naturally,https://bratgen.io/,Check this generator,23,55,False,False,False,True,False,False,False,False,2026-03-07,2026-06-23,False,False,pathumratjotun.com,评论网站,,
3,Day Zero | Yarn Harlot,https://www.yarnharlot.ca/2024/08/day-zero/,https://bratgen.io/,Bratgen,830,1432,True,False,True,True,False,False,False,False,2026-03-04,2026-06-27,False,False,yarnharlot.ca,博客网站 · 需注册,需登录,2026-06-27 03:32
2,Best Free Online Tools Every Student Should Use in 2026,https://gwa-calculator.net/best-free-online-tools-for-students/,https://bratgen.io/brat-font-generator/,brat font generator,3,38,False,False,False,True,False,False,False,False,2026-03-12,2026-06-26,False,False,gwa-calculator.net,无评论功能,,
2,best-online-calculators-and-tools-2026 - Online VAT calculator,https://vatonlinecalculator.co.uk/best-online-calculators-and-tools-2026/,https://bratgen.io/,BratGen,2,43,False,False,False,True,False,False,False,False,2026-04-02,2026-06-26,False,False,vatonlinecalculator.co.uk,无评论功能,,
2,Munthiri Kothu Recipe | Steffi's Recipes,https://www.steffisrecipes.com/2016/12/munthiri-kothu-recipe.html,https://bratgen.io/,ghani,380,278,True,False,False,True,False,False,False,False,2026-05-31,2026-06-15,True,False,steffisrecipes.com,评论网站,,
1,"CHEMKA HOT SPRINGS, near Moshi, Tanzania - Lili's Travel Plans - Travel Blog",https://www.lilistravelplans.com/chemka-hot-springs-moshi-tanzania/,https://bratgen.io/,https://bratgen.io/,2493,4161,True,False,True,True,False,False,False,False,2026-05-31,2026-06-10,True,False,lilistravelplans.com,博客网站 · 需注册,需登录,2026-06-30 02:56
0,LimosDaGod | Music Forums,http://musicforums.net/members/limosdagod.1954/,https://bratgen.io/,Check this generator,11,54,True,False,True,True,False,False,False,False,2026-02-28,2026-03-06,False,True,musicforums.net,访问失败,,
0,Forum - Commemorative badges for Penang Hill visitors using funicular railway on 100th anniversary | Howei Online Event Registration,https://bim-run.com/forum/discussion/news-updates/commemorative-badges-for-penang-hill-visitors-using-funicular-railway-on-100th-anniversary,https://bratgen.io/,Brat Generator,2353,37,False,False,False,True,False,False,False,False,2026-04-11,2026-04-20,False,False,bim-run.com,无评论功能,,
0,Free Online Brat Tool for Stylish Digital Content,https://bratstextgenerator.blogspot.com/2026/04/free-online-brat-tool-for-stylish.html,https://bratgen.io/,free online Brat tool,9,6,False,False,False,True,False,False,False,False,2026-06-21,2026-06-21,True,False,blogspot.com,评论网站,,
0,Bratgen.io Launches Full-Featured Free Brat Generator for Charli XCX Fans and Content Creators Worldwide – Busines NewsWire,https://businesnewswire.com/bratgen-io-launches-full-featured-free-brat-generator-for-charli-xcx-fans-and-content-creators-worldwide/,https://bratgen.io/brat-meme-generator/,Brat Meme Generator,4,26,False,False,False,True,False,False,False,False,2026-04-22,2026-06-14,False,False,businesnewswire.com,无评论功能,,
0,👲 Domain Report 👲,https://bye.fyi/report/134831,https://bratgen.io/,bratgen.io,3500,21,True,False,False,True,False,False,False,False,2026-05-25,2026-05-25,False,False,bye.fyi,评论网站,,
0,Forum - Easy Guide to Convert JSON Files to Word | Howei Online Event Registration,https://colourfulrun.com/forum/discussion/free-stuff/easy-guide-to-convert-json-files-to-word,https://bratgen.io/,brat generator ai,30,36,False,False,False,True,False,False,False,False,2026-04-16,2026-05-05,False,True,colourfulrun.com,访问失败,,
0,Best Website Design for Wedding Photos - Invites and Stationery - Forum Weddingwire.in,https://community.weddingwire.in/forum/best-website-design-for-wedding-photos--t255411,https://bratgen.io/,brat memes,34,159,True,False,False,True,False,False,False,False,2026-02-26,2026-06-23,False,False,weddingwire.in,访问失败,,
0,✅ Website Stats 📊,https://creativeposts.top/stats/134831,https://bratgen.io/,bratgen.io,3500,21,True,False,False,True,False,False,False,False,2026-05-08,2026-05-08,False,False,creativeposts.top,评论网站,,
0,✅ Website Stats 📊,https://dailymusings.top/stats/134830,https://bratgen.io/,bratgen.io,3500,21,True,False,False,True,False,False,False,False,2026-05-16,2026-05-16,False,False,dailymusings.top,评论网站,,
0,Guest Post On Brat Gen,https://guestpostnow.com/website/brat-gen_910744,https://bratgen.io/,https://bratgen.io/,10,80,True,False,False,True,False,False,False,False,2026-05-03,2026-05-03,False,False,guestpostnow.com,访问失败,,
0,Forum - Commemorative badges for Penang Hill visitors using funicular railway on 100th anniversary | Howei Online Event Registration,https://harisukanegara.com/forum/discussion/news-updates/commemorative-badges-for-penang-hill-visitors-using-funicular-railway-on-100th-anniversary,https://bratgen.io/,Brat Generator,2353,37,False,False,False,True,False,False,False,False,2026-04-03,2026-04-11,False,False,harisukanegara.com,访问超时,,
0,Forum - Easy Guide to Convert JSON Files to Word | Howei Online Event Registration,https://harisukannegara.com/forum/discussion/free-stuff/easy-guide-to-convert-json-files-to-word,https://bratgen.io/,brat generator ai,26,36,False,False,False,True,False,False,False,False,2026-04-11,2026-04-30,False,True,harisukannegara.com,访问失败,,
0,Forum - Easy Guide to Convert JSON Files to Word | Howei Online Event Registration,https://howei.my/forum/discussion/free-stuff/easy-guide-to-convert-json-files-to-word,https://bratgen.io/,brat generator ai,31,36,False,False,False,True,False,False,False,False,2026-04-16,2026-05-07,False,True,howei.my,访问失败,,
0,✅ Website Stats 📊,https://metamagic.top/stats/134830,https://bratgen.io/,bratgen.io,3500,21,True,False,False,True,False,False,False,False,2026-05-12,2026-05-12,False,False,metamagic.top,评论网站,,
0,Best Tool for Pinterest SiteToSocial Fully Automated AI Generated Pins Grow Your Website Traffic,https://newsblogsports.site/all/86/1,https://bratgen.io/,Best Pinterest Tool SiteToSocial.com to Grow Your Website Traffic Fully Automated,3004,17,False,False,False,True,False,False,False,False,2026-04-22,2026-06-29,False,False,newsblogsports.site,无评论功能,,
0,albumart search results - Piclur,https://piclur.com/tag/albumart,https://bratgen.io/brat-album-cover-generator/,bratgen.io/brat-album-cov…,8,283,True,False,False,True,False,False,False,False,2026-02-14,2026-02-14,False,False,piclur.com,访问失败,,
0,"Best Free Tools for Podcast Creators (Planning, Editing & Growth) 2026",https://podcastcalculator.com/best-tools-for-podcast-creators/,https://bratgen.io/,BratGen,2,46,False,False,False,True,False,False,False,False,2026-03-21,2026-06-15,False,False,podcastcalculator.com,博客网站,,
0,"25+ Impressive Brother Quotes In Urdu: Family Bonds, Trust, and Building Long-Term Financial Stability Together - Q4QUOTES",https://q4quotes.net/brother-quotes-in-urdu/,https://bratgen.io/,Bratgen,20,85,True,False,True,True,False,False,False,False,2026-04-09,2026-06-05,False,False,q4quotes.net,博客网站,,2026-06-09 04:48
0,A First-Timer's Guide to Visiting Vienna Christmas Markets - Renee Roaming,https://renee-roaming.com/a-first-timers-guide-to-visiting-vienna-christmas-markets/,https://bratgen.io/,brat text,118,170,True,False,True,True,False,False,False,False,2026-06-28,2026-06-28,True,False,renee-roaming.com,博客网站,,2026-05-31 03:26
0,Brat Generator | Free Online Creative Text Tool | sharefast.co,https://sharefast.co/tools/bratgen-io,https://bratgen.io/,Visit Brat Generator,7,8,False,False,False,True,False,False,False,False,2026-02-15,2026-06-21,False,False,sharefast.co,无评论功能,,
0,❤️ URL Shared ❤️,https://shortenurls.eu/share/134831,https://bratgen.io/,bratgen.io,3500,21,True,False,False,True,False,False,False,False,2026-05-09,2026-05-09,False,False,shortenurls.eu,评论网站,,
0,How AI Agents Are Replacing Traditional Workflows in 2026 – Tech Health Blog,https://techhealthblog.com/2026/06/11/how-ai-agents-are-replacing-traditional-workflows-in-2026/,http://bratgen.io/,software,13,55,False,False,False,True,False,False,False,False,2026-06-14,2026-06-28,True,False,techhealthblog.com,博客网站,,2026-06-24 10:08
0,Rising Demand for Aesthetic Text Tools Drives Growth of Digital Platforms Like BratGen – thenewswiremedia.info,https://thenewswiremedia.info/rising-demand-for-aesthetic-text-tools-drives-growth-of-digital-platforms-like-bratgen/,https://bratgen.io/,https://bratgen.io/,3,7,False,False,False,True,False,False,False,False,2026-04-19,2026-06-01,False,True,thenewswiremedia.info,博客网站,,
0,transfroms 160mb,https://vinayvyas836865.wixsite.com/emotionalindia/post/transfroms-160mb,https://bratgen.io/,https://bratgen.io/,11,14,False,False,False,True,False,False,False,False,2026-04-23,2026-05-19,False,False,wixsite.com,评论网站,,
0,bratgen.io — Website Launch Record | Website Launches,https://websitelaunches.com/site/bratgen.io,https://bratgen.io/,Screenshot of bratgen.io,9,38,True,False,False,False,False,False,True,False,2026-03-19,2026-03-19,False,False,websitelaunches.com,评论网站,,
0,Bratgen Io (bratgenio) - Profile | Pinterest,https://www.pinterest.com/bratgenio/,http://bratgen.io/,bratgen.io,1,8,True,False,False,True,False,False,False,False,2026-05-21,2026-05-21,False,False,pinterest.com,无评论功能,,
